word,count
great,236615
good,135598
book,108618
best,83241
excellent,53423
love,50181
read,44210
not,41981
one,41032
movie,34375
product,31502
fun,27883
works,26430
ever,26120
awesome,26017
nice,25752
must,23788
cd,22789
wonderful,21961
price,21501
well,19973
perfect,19788
better,19665
album,19578
like,18804
classic,17604
amazing,17330
story,17141
review,16904
time,16818
music,16718
little,15769
new,14455
buy,14293
game,14266
easy,14000
really,12884
no,12788
worth,12600
life,12350
dvd,11950
get,11324
first,11103
series,11096
still,10582
another,10579
funny,9233
reading,8026
