sentiment,word,count
positive,the,5846319
positive,and,3551298
positive,to,2886424
positive,it,2682789
positive,of,2430873
positive,is,2261256
positive,this,2245020
positive,in,1486945
positive,for,1349320
positive,that,1171569
positive,you,1102411
positive,with,920186
positive,was,880061
positive,my,875729
positive,book,843410
positive,on,811690
positive,have,791138
positive,but,762239
positive,as,712397
positive,are,685258
positive,not,599710
positive,one,570730
positive,great,552608
positive,all,493494
positive,so,481840
positive,be,480311
positive,very,470375
positive,good,426186
positive,like,418752
positive,if,407978
negative,the,6620137
negative,to,3172672
negative,and,3154711
negative,it,3047521
negative,this,2426497
negative,of,2375672
negative,is,2074344
negative,in,1411818
negative,that,1368071
negative,was,1314734
negative,for,1300352
negative,not,1245427
negative,you,998786
negative,but,990301
negative,on,955959
negative,with,887264
negative,have,870806
negative,book,798287
negative,my,782737
negative,are,667619
negative,as,646576
negative,be,620931
negative,one,605053
negative,they,537076
negative,so,536518
negative,if,533039
negative,all,495575
negative,like,464163
negative,just,463398
negative,would,460573
